Company,Product,Excellent braking,All terrian,Long life,Low noise,Smooth ride,Highly stable,Excellent Dry & Wet Grip,Price,Fuel efficient
CEAT,CEAT 205/65 R15 MILAZE X3 94S TL TWI,1,0.0,0,0,1,1,0,"₹5,899.00",0.0
Goodyear,Goodyear 205/65 R15 Assurance Duraplus 2 99H Tubeless Car Tyre,0,0.0,1,1,0,0,0,"₹6,299.00",0.0
Goodyear,Goodyear 265/65 R17 Wrangler AT/ST 112S Tubeless Car Tyre,1,1.0,0,1,0,0,0,"₹12,099.00",0.0
YOKOHAMA,YOKOHAMA 205/65 R16 EARTH-1 95H TUBELESS CAR TYRE,1,0.0,0,1,1,0,0,"₹7,750.00",0.0
YOKOHAMA,YOKOHAMA 205/65 R15 EARTH-1 94H TUBELESS CAR TYRE,1,0.0,0,0,1,1,0,"₹7,560.00",0.0
YOKOHAMA,YOKOHAMA 265/65 R17 GEOLANDAR G015 112H TUBELESS CAR TYRE,0,1.0,0,1,1,0,0,"₹14,440.00",0.0
Kelly,Kelly 205/65 R15 VFM 6 94H Tubeless Car Tyre,1,0.0,1,0,0,1,0,"₹4,899.00",0.0
ULTRAMILE,ULTRAMILE 205/65 R15 UM551 BSW 94H TUBELESS CAR TYRE,1,0.0,0,0,1,1,0,"₹5,599.00",0.0
Apollo,Apollo 205/65 R15 ALNAC 4G 94H Tubeless Car Tyre,1,0.0,0,0,0,1,1,"₹6,649.00",0.0
Apollo,Apollo 205/65 R15 AMAZER 4G LIFE 94T Tubeless Car Tyre,1,0.0,1,0,0,0,1,"₹7,349.00",0.0
MRF,MRF 205/65 R15 ZTX-S 94H TL,1,0.0,0,1,0,0,1,"₹6,510.00",0.0
PIRELLI,PIRELLI 205/65 R15 P6 CIN 94V TUBELESS CAR TYRE,1,0.0,1,0,1,0,0,"₹6,399.00",0.0
Bridgestone,BRIDGESTONE 205/65 R15 B390 94S TL,1,0.0,0,1,0,0,0,"₹7,899.00",1.0
Bridgestone,Bridgestone 205/65 R16 DHP 95H Tubeless Car Tyre,1,0.0,0,1,0,0,1,"₹8,249.00",0.0
Bridgestone,Bridgestone 205/65 R15 B390 94H TubeType Car Tyre,1,0.0,0,1,0,0,0,"₹8,149.00",1.0
JK,JK 205/65 R16 UX ROYALE 95H SMART TYRE WITH SENSOR,1,0.0,0,0,0,0,1,"₹7,099.00",1.0
Michelin,Michelin Primacy 4ST 215/55R17 Tubeless 94V,1,0.0,0,0,0,0,1,"₹14,449.00",1.0
CONTINENTAL,CONTINENTAL 205/65 R15 ULTRACONTACT UC6 94V TL,1,0.0,0,1,0,1,0,"₹8,299.00",0.0
